<?xml version="1.0" encoding="UTF-8"?>
<metadata xml:lang="en"><Esri><CreaDate>20240918</CreaDate><CreaTime>14234500</CreaTime><ArcGISFormat>1.0</ArcGISFormat><SyncOnce>TRUE</SyncOnce><DataProperties><lineage><Process ToolSource="c:\users\nomitrawat\appdata\local\programs\arcgis\pro\Resources\ArcToolbox\Toolboxes\Data Management Tools.tbx\Rename" Date="20240918" Time="142345">Rename C:\Users\nomitrawat\Documents\Training\Data\Raster\Dehradun\n30_e078_1arc_v3.tif C:\Users\nomitrawat\Documents\Training\Data\Raster\Dehradun\DEM.tif RasterDataset</Process></lineage></DataProperties></Esri></metadata>
