<?xml version="1.0" encoding="UTF-8"?>
<metadata xml:lang="en"><Esri><CreaDate>20240918</CreaDate><CreaTime>14240500</CreaTime><ArcGISFormat>1.0</ArcGISFormat><SyncOnce>TRUE</SyncOnce><DataProperties><lineage><Process ToolSource="c:\users\nomitrawat\appdata\local\programs\arcgis\pro\Resources\ArcToolbox\toolboxes\Data Management Tools.tbx\CreateFeatureclass" Date="20240704" Time="173642">CreateFeatureclass C:\Users\nomitrawat\Documents\Training\Data\Raster pour_point Point # No No "GEOGCS["GCS_WGS_1984",DATUM["D_WGS_1984",SPHEROID["WGS_1984",6378137.0,298.257223563]],PRIMEM["Greenwich",0.0],UNIT["Degree",0.0174532925199433]];-400 -400 1000000000;-100000 10000;-100000 10000;8.98315284119521E-09;0.001;0.001;IsHighPrecision" # 0 0 0 # "Same as template"</Process><Process ToolSource="c:\users\nomitrawat\appdata\local\programs\arcgis\pro\Resources\ArcToolbox\Toolboxes\Data Management Tools.tbx\Copy" Date="20240918" Time="142405">Copy C:\Users\nomitrawat\Documents\Training\Data\Raster\pour_point.shp C:\Users\nomitrawat\Documents\Training\Data\Raster\Dehradun\pour_point.shp Shapefile #</Process></lineage><itemProps><itemLocation><linkage Sync="TRUE">file://\\ULTS-LAP327\C$\Users\nomitrawat\Documents\Training\Data\Raster\Dehradun\pour_point</linkage><protocol Sync="TRUE">Local Area Network</protocol></itemLocation></itemProps><copyHistory><copy source="C:\Users\nomitrawat\Documents\Training\Data\Raster\pour_point" dest="\\ULTS-LAP327\C$\Users\nomitrawat\Documents\Training\Data\Raster\Dehradun\pour_point" date="20240918" time="14240500"></copy></copyHistory></DataProperties></Esri></metadata>
