<?xml version="1.0" encoding="UTF-8"?>
<metadata xml:lang="en"><Esri><CreaDate>20240918</CreaDate><CreaTime>14241300</CreaTime><ArcGISFormat>1.0</ArcGISFormat><SyncOnce>TRUE</SyncOnce><DataProperties><lineage><Process ToolSource="c:\users\nomitrawat\appdata\local\programs\arcgis\pro\Resources\ArcToolbox\toolboxes\Conversion Tools.tbx\RasterToPolygon" Date="20240704" Time="210229">RasterToPolygon tehri_w C:\Users\nomitrawat\Documents\Training\Data\Raster\tehri_polygon.shp SIMPLIFY VALUE SINGLE_OUTER_PART #</Process><Process ToolSource="c:\users\nomitrawat\appdata\local\programs\arcgis\pro\Resources\ArcToolbox\Toolboxes\Data Management Tools.tbx\Copy" Date="20240918" Time="142413">Copy C:\Users\nomitrawat\Documents\Training\Data\Raster\tehri_polygon.shp C:\Users\nomitrawat\Documents\Training\Data\Raster\Dehradun\tehri_polygon.shp Shapefile #</Process></lineage><itemProps><itemLocation><linkage Sync="TRUE">file://\\ULTS-LAP327\C$\Users\nomitrawat\Documents\Training\Data\Raster\Dehradun\tehri_polygon</linkage><protocol Sync="TRUE">Local Area Network</protocol></itemLocation></itemProps><copyHistory><copy source="C:\Users\nomitrawat\Documents\Training\Data\Raster\tehri_polygon" dest="\\ULTS-LAP327\C$\Users\nomitrawat\Documents\Training\Data\Raster\Dehradun\tehri_polygon" date="20240918" time="14241300"></copy></copyHistory></DataProperties></Esri></metadata>
